epsilon,rating_err,dow_err,privacy
0.1,0.593785182111873,0.3436751808162101,Very Strong
0.5,0.12515610997953075,0.06325966902211967,Very Strong
1.0,0.05713552760894616,0.034060238030172725,Strong
2.0,0.02721336657623068,0.014411359203574226,Moderate
5.0,0.005583781861856211,0.002878137886230437,Moderate
10.0,0.0003807874621748789,0.00020383192650217665,Weak
