level,label,uniq,avg_gs,n_groups
0,No mitigation,0.12353946993445426,4.861232971600092,4331
1,Level 1 (Light),0.07376270542414744,7.838421444527178,2686
2,Level 2 (Moderate),0.0024223425477343974,68.80392156862744,306
3,Level 3 (Heavy),0.0013774104683195593,102.70243902439024,205
