k_threshold,kept,removed,corr
2,0.8764605300655457,2601,0.9998589654847336
3,0.8216490928089674,3755,0.9998241367403412
5,0.7543934644248124,5171,0.9998473273414082
10,0.6580697254678446,7199,0.999892107604197
20,0.5507267027643203,9459,0.9989251434460436
